Workbook

Sheet Read 1
B1: 1 | C1: 2 | D1: 3 | E1: 4 | F1: 5 | G1: 6 | H1: 7 | I1: 8 | J1: 9 | K1: 10 | L1: 11 | M1: 12
A2: A | B2: 0.206 | C2: 0.193 | D2: 0.218 | E2: 0.058 | F2: 0.06 | G2: 0.064 | H2: 0.931 | I2: 1.339 | J2: 1.206 | K2: 0.053 | L2: 0.052 | M2: 0.051 | N2: 562
A3: B | B3: 0.061 | C3: 0.062 | D3: 0.059 | E3: 1.29 | F3: 1.258 | G3: 1.418 | H3: 1.197 | I3: 1.781 | J3: 1.707 | K3: 0.056 | L3: 0.055 | M3: 0.054 | N3: 562
A4: C | B4: 0.039 | C4: 0.039 | D4: 0.038 | E4: 1.456 | F4: 1.715 | G4: 1.717 | H4: 1.146 | I4: 1.442 | J4: 1.193 | K4: 0.041 | L4: 0.04 | M4: 0.041 | N4: 562
A5: D | B5: 0.038 | C5: 0.038 | D5: 0.038 | E5: 1.098 | F5: 1.336 | G5: 1.29 | H5: 1.038 | I5: 1.369 | J5: 1.373 | K5: 0.977 | L5: 0.957 | M5: 0.944 | N5: 562
A6: E | B6: 0.046 | C6: 0.043 | D6: 0.041 | E6: 0.666 | F6: 1.318 | G6: 1.593 | H6: 0.051 | I6: 0.05 | J6: 0.051 | K6: 0.049 | L6: 0.049 | M6: 0.05 | N6: 562
A7: F | B7: 0.038 | C7: 0.038 | D7: 0.038 | E7: 0.927 | F7: 1.129 | G7: 1.143 | H7: 0.11 | I7: 0.113 | J7: 0.114 | K7: 0.119 | L7: 0.114 | M7: 0.116 | N7: 562
A8: G | B8: 0.037 | C8: 0.038 | D8: 0.038 | E8: 1.08 | F8: 0.485 | G8: 1.054 | H8: 0.051 | I8: 0.051 | J8: 0.051 | K8: 0.854 | L8: 0.821 | M8: 0.807 | N8: 562
A9: H | B9: 0.038 | C9: 0.039 | D9: 0.038 | E9: 0.053 | F9: 0.053 | G9: 0.053 | H9: 0.215 | I9: 0.212 | J9: 0.208 | K9: 0.434 | L9: 0.731 | M9: 0.716 | N9: 562
C10: =AVERAGE('Read 1'!B2:D2) -> 0.20566667 | F10: =AVERAGE('Read 1'!E2:G2) -> 0.060666667 | I10: =AVERAGE('Read 1'!H2:J2) -> 1.1586667 | L10: =AVERAGE('Read 1'!K2:M2) -> 0.052
C11: =AVERAGE('Read 1'!B3:D3) -> 0.060666667 | F11: =AVERAGE('Read 1'!E3:G3) -> 1.322 | I11: =AVERAGE('Read 1'!H3:J3) -> 1.5616667 | L11: =AVERAGE('Read 1'!K3:M3) -> 0.055
C12: =AVERAGE('Read 1'!B4:D4) -> 0.038666667 | F12: =AVERAGE('Read 1'!E4:G4) -> 1.6293333 | I12: =AVERAGE('Read 1'!H4:J4) -> 1.2603333 | L12: =AVERAGE('Read 1'!K4:M4) -> 0.040666667
C13: =AVERAGE('Read 1'!B5:D5) -> 0.038 | F13: =AVERAGE('Read 1'!E5:G5) -> 1.2413333 | I13: =AVERAGE('Read 1'!H5:J5) -> 1.26 | L13: =AVERAGE('Read 1'!K5:M5) -> 0.95933333
C14: =AVERAGE('Read 1'!B6:D6) -> 0.043333333 | F14: =AVERAGE('Read 1'!E6:G6) -> 1.1923333 | I14: =AVERAGE('Read 1'!H6:J6) -> 0.050666667 | L14: =AVERAGE('Read 1'!K6:M6) -> 0.049333333
C15: =AVERAGE('Read 1'!B7:D7) -> 0.038 | F15: =AVERAGE('Read 1'!E7:G7) -> 1.0663333 | I15: =AVERAGE('Read 1'!H7:J7) -> 0.11233333 | L15: =AVERAGE('Read 1'!K7:M7) -> 0.11633333
C16: =AVERAGE('Read 1'!B8:D8) -> 0.037666667 | F16: =AVERAGE('Read 1'!E8:G8) -> 0.873 | I16: =AVERAGE('Read 1'!H8:J8) -> 0.051 | L16: =AVERAGE('Read 1'!K8:M8) -> 0.82733333
C17: =AVERAGE('Read 1'!B9:D9) -> 0.038333333 | F17: =AVERAGE('Read 1'!E9:G9) -> 0.053 | I17: =AVERAGE('Read 1'!H9:J9) -> 0.21166667 | L17: =AVERAGE('Read 1'!K9:M9) -> 0.627

Sheet Read 2
B1: 1 | C1: 2 | D1: 3 | E1: 4 | F1: 5 | G1: 6 | H1: 7 | I1: 8 | J1: 9 | K1: 10 | L1: 11 | M1: 12
A2: A | B2: 0.333 | C2: 0.297 | D2: 0.317 | E2: 0.059 | F2: 0.061 | G2: 0.059 | H2: 1.357 | I2: 1.636 | J2: 1.467 | K2: 0.054 | L2: 0.052 | M2: 0.053 | N2: 562
A3: B | B3: 0.081 | C3: 0.081 | D3: 0.082 | E3: 1.655 | F3: 1.643 | G3: 1.727 | H3: 1.724 | I3: 1.866 | J3: 1.887 | K3: 0.056 | L3: 0.055 | M3: 0.055 | N3: 562
A4: C | B4: 0.041 | C4: 0.041 | D4: 0.041 | E4: 1.662 | F4: 1.815 | G4: 1.846 | H4: 1.596 | I4: 1.698 | J4: 1.648 | K4: 0.042 | L4: 0.042 | M4: 0.042 | N4: 562
A5: D | B5: 0.038 | C5: 0.038 | D5: 0.038 | E5: 1.532 | F5: 1.591 | G5: 1.566 | H5: 1.646 | I5: 1.717 | J5: 1.725 | K5: 0.979 | L5: 0.963 | M5: 0.925 | N5: 562
A6: E | B6: 0.186 | C6: 0.227 | D6: 0.188 | E6: 1.322 | F6: 1.496 | G6: 1.674 | H6: 0.052 | I6: 0.051 | J6: 0.052 | K6: 0.049 | L6: 0.05 | M6: 0.05 | N6: 562
A7: F | B7: 0.061 | C7: 0.064 | D7: 0.065 | E7: 1.13 | F7: 1.118 | G7: 1.13 | H7: 0.183 | I7: 0.189 | J7: 0.191 | K7: 0.134 | L7: 0.126 | M7: 0.13 | N7: 562
A8: G | B8: 0.04 | C8: 0.04 | D8: 0.039 | E8: 1.108 | F8: 0.624 | G8: 1.046 | H8: 0.052 | I8: 0.051 | J8: 0.052 | K8: 0.838 | L8: 0.81 | M8: 0.801 | N8: 562
A9: H | B9: 0.038 | C9: 0.038 | D9: 0.038 | E9: 0.054 | F9: 0.054 | G9: 0.054 | H9: 0.211 | I9: 0.204 | J9: 0.21 | K9: 0.874 | L9: 0.822 | M9: 0.844 | N9: 562
C10: =AVERAGE('Read 1'!B2:D2) -> 0.20566667 | F10: =AVERAGE('Read 1'!E2:G2) -> 0.060666667 | I10: =AVERAGE('Read 1'!H2:J2) -> 1.1586667 | L10: =AVERAGE('Read 1'!K2:M2) -> 0.052
C11: =AVERAGE('Read 1'!B3:D3) -> 0.060666667 | F11: =AVERAGE('Read 1'!E3:G3) -> 1.322 | I11: =AVERAGE('Read 1'!H3:J3) -> 1.5616667 | L11: =AVERAGE('Read 1'!K3:M3) -> 0.055
C12: =AVERAGE('Read 1'!B4:D4) -> 0.038666667 | F12: =AVERAGE('Read 1'!E4:G4) -> 1.6293333 | I12: =AVERAGE('Read 1'!H4:J4) -> 1.2603333 | L12: =AVERAGE('Read 1'!K4:M4) -> 0.040666667
C13: =AVERAGE('Read 1'!B5:D5) -> 0.038 | F13: =AVERAGE('Read 1'!E5:G5) -> 1.2413333 | I13: =AVERAGE('Read 1'!H5:J5) -> 1.26 | L13: =AVERAGE('Read 1'!K5:M5) -> 0.95933333
C14: =AVERAGE('Read 1'!B6:D6) -> 0.043333333 | F14: =AVERAGE('Read 1'!E6:G6) -> 1.1923333 | I14: =AVERAGE('Read 1'!H6:J6) -> 0.050666667 | L14: =AVERAGE('Read 1'!K6:M6) -> 0.049333333
C15: =AVERAGE('Read 1'!B7:D7) -> 0.038 | F15: =AVERAGE('Read 1'!E7:G7) -> 1.0663333 | I15: =AVERAGE('Read 1'!H7:J7) -> 0.11233333 | L15: =AVERAGE('Read 1'!K7:M7) -> 0.11633333
C16: =AVERAGE('Read 1'!B8:D8) -> 0.037666667 | F16: =AVERAGE('Read 1'!E8:G8) -> 0.873 | I16: =AVERAGE('Read 1'!H8:J8) -> 0.051 | L16: =AVERAGE('Read 1'!K8:M8) -> 0.82733333
C17: =AVERAGE('Read 1'!B9:D9) -> 0.038333333 | F17: =AVERAGE('Read 1'!E9:G9) -> 0.053 | I17: =AVERAGE('Read 1'!H9:J9) -> 0.21166667 | L17: =AVERAGE('Read 1'!K9:M9) -> 0.627
